Name,Roll_Number,Department,Experiment_Name,Team_ID,Issue_Date,Certificate_ID
Lakshman Sundaram,20261001,Department of Computer Technology,Virtualization of Digital Storage Oscilloscope & Signal Generator,TEAM-01,"August 31, 2026",VLAB-2026-001
Devika Krishnan,20261002,Department of Computer Technology,Virtualization of Digital Storage Oscilloscope & Signal Generator,TEAM-01,"August 31, 2026",VLAB-2026-002
Lakshman Krishnan,20261003,Department of Computer Technology,Virtualization of Digital Storage Oscilloscope & Signal Generator,TEAM-01,"August 31, 2026",VLAB-2026-003
Bhavya Balaji,20261004,Department of Computer Technology,Virtualization of Digital Storage Oscilloscope & Signal Generator,TEAM-01,"August 31, 2026",VLAB-2026-004
Lakshman Hegde,20261005,Department of Electronics Engineering,Virtualization of HPLC & Mass Spectrometry Rig,TEAM-02,"August 31, 2026",VLAB-2026-005
Devika Venkatesh,20261006,Department of Electronics Engineering,Virtualization of HPLC & Mass Spectrometry Rig,TEAM-02,"August 31, 2026",VLAB-2026-006
Ananya Deshmukh,20261007,Department of Electronics Engineering,Virtualization of HPLC & Mass Spectrometry Rig,TEAM-02,"August 31, 2026",VLAB-2026-007
Gautam Sundaram,20261008,Department of Electronics Engineering,Virtualization of HPLC & Mass Spectrometry Rig,TEAM-02,"August 31, 2026",VLAB-2026-008
Trisha Reddy,20261009,Department of Instrumentation Engineering,Virtualization of Industrial PLC & SCADA Automation Unit,TEAM-03,"August 31, 2026",VLAB-2026-009
Rhea Venkatesh,20261010,Department of Instrumentation Engineering,Virtualization of Industrial PLC & SCADA Automation Unit,TEAM-03,"August 31, 2026",VLAB-2026-010
Meera Menon,20261011,Department of Instrumentation Engineering,Virtualization of Industrial PLC & SCADA Automation Unit,TEAM-03,"August 31, 2026",VLAB-2026-011
Nikhil Hegde,20261012,Department of Instrumentation Engineering,Virtualization of Industrial PLC & SCADA Automation Unit,TEAM-03,"August 31, 2026",VLAB-2026-012
Harini Ramanathan,20261013,Department of Mechanical Engineering,Virtualization of Wind Tunnel Aerodynamics Chamber,TEAM-04,"August 31, 2026",VLAB-2026-013
Ananya Srinivasan,20261014,Department of Mechanical Engineering,Virtualization of Wind Tunnel Aerodynamics Chamber,TEAM-04,"August 31, 2026",VLAB-2026-014
Aditya Joshi,20261015,Department of Mechanical Engineering,Virtualization of Wind Tunnel Aerodynamics Chamber,TEAM-04,"August 31, 2026",VLAB-2026-015
Tarun Menon,20261016,Department of Mechanical Engineering,Virtualization of Wind Tunnel Aerodynamics Chamber,TEAM-04,"August 31, 2026",VLAB-2026-016
Devika Reddy,20261017,Department of Information Technology,Virtualization of Semiconductor Fabrication Cleanroom Kit,TEAM-05,"August 31, 2026",VLAB-2026-017
Ojas Shetty,20261018,Department of Information Technology,Virtualization of Semiconductor Fabrication Cleanroom Kit,TEAM-05,"August 31, 2026",VLAB-2026-018
Rhea Pillai,20261019,Department of Information Technology,Virtualization of Semiconductor Fabrication Cleanroom Kit,TEAM-05,"August 31, 2026",VLAB-2026-019
Karthik Hegde,20261020,Department of Information Technology,Virtualization of Semiconductor Fabrication Cleanroom Kit,TEAM-05,"August 31, 2026",VLAB-2026-020
Utkarsh Pillai,20261021,Department of Computer Technology,Virtualization of Smart Power Grid Simulator,TEAM-06,"August 31, 2026",VLAB-2026-021
Ishaan Sundaram,20261022,Department of Computer Technology,Virtualization of Smart Power Grid Simulator,TEAM-06,"August 31, 2026",VLAB-2026-022
Pranav Patel,20261023,Department of Computer Technology,Virtualization of Smart Power Grid Simulator,TEAM-06,"August 31, 2026",VLAB-2026-023
Zoya Kulkarni,20261024,Department of Computer Technology,Virtualization of Smart Power Grid Simulator,TEAM-06,"August 31, 2026",VLAB-2026-024
Ishaan Menon,20261025,Department of Electronics Engineering,Virtualization of Robotics Kinematics & Arm Rig,TEAM-07,"August 31, 2026",VLAB-2026-025
Ojas Balaji,20261026,Department of Electronics Engineering,Virtualization of Robotics Kinematics & Arm Rig,TEAM-07,"August 31, 2026",VLAB-2026-026
Kavya Verma,20261027,Department of Electronics Engineering,Virtualization of Robotics Kinematics & Arm Rig,TEAM-07,"August 31, 2026",VLAB-2026-027
Ananya Venkatesh,20261028,Department of Electronics Engineering,Virtualization of Robotics Kinematics & Arm Rig,TEAM-07,"August 31, 2026",VLAB-2026-028
Harini Chowdhury,20261029,Department of Instrumentation Engineering,Virtualization of Chemical Reactor Dynamics Module,TEAM-08,"August 31, 2026",VLAB-2026-029
Ishaan Srinivasan,20261030,Department of Instrumentation Engineering,Virtualization of Chemical Reactor Dynamics Module,TEAM-08,"August 31, 2026",VLAB-2026-030
Nivedita Chowdhury,20261031,Department of Instrumentation Engineering,Virtualization of Chemical Reactor Dynamics Module,TEAM-08,"August 31, 2026",VLAB-2026-031
Pooja Venkatesh,20261032,Department of Instrumentation Engineering,Virtualization of Chemical Reactor Dynamics Module,TEAM-08,"August 31, 2026",VLAB-2026-032
Varun Rao,20261033,Department of Mechanical Engineering,Virtualization of Microcontroller Embedded System Bench,TEAM-09,"August 31, 2026",VLAB-2026-033
Karthik Sharma,20261034,Department of Mechanical Engineering,Virtualization of Microcontroller Embedded System Bench,TEAM-09,"August 31, 2026",VLAB-2026-034
Pranav Subramanian,20261035,Department of Mechanical Engineering,Virtualization of Microcontroller Embedded System Bench,TEAM-09,"August 31, 2026",VLAB-2026-035
Devika Nair,20261036,Department of Mechanical Engineering,Virtualization of Microcontroller Embedded System Bench,TEAM-09,"August 31, 2026",VLAB-2026-036
Eashan Menon,20261037,Department of Information Technology,Virtualization of Fiber Optic Telecommunication Trainer,TEAM-10,"August 31, 2026",VLAB-2026-037
Siddharth Balaji,20261038,Department of Information Technology,Virtualization of Fiber Optic Telecommunication Trainer,TEAM-10,"August 31, 2026",VLAB-2026-038
Lakshman Shetty,20261039,Department of Information Technology,Virtualization of Fiber Optic Telecommunication Trainer,TEAM-10,"August 31, 2026",VLAB-2026-039
Gautam Patel,20261040,Department of Information Technology,Virtualization of Fiber Optic Telecommunication Trainer,TEAM-10,"August 31, 2026",VLAB-2026-040
Rhea Sharma,20261041,Department of Computer Technology,Virtualization of Heat Exchanger Thermal Dynamics Rig,TEAM-11,"August 31, 2026",VLAB-2026-041
Harini Deshmukh,20261042,Department of Computer Technology,Virtualization of Heat Exchanger Thermal Dynamics Rig,TEAM-11,"August 31, 2026",VLAB-2026-042
Meera Hegde,20261043,Department of Computer Technology,Virtualization of Heat Exchanger Thermal Dynamics Rig,TEAM-11,"August 31, 2026",VLAB-2026-043
Yash Menon,20261044,Department of Computer Technology,Virtualization of Heat Exchanger Thermal Dynamics Rig,TEAM-11,"August 31, 2026",VLAB-2026-044
Aditya Ramanathan,20261045,Department of Electronics Engineering,Virtualization of Hydraulics & Pneumatics Control Board,TEAM-12,"August 31, 2026",VLAB-2026-045
Utkarsh Chowdhury,20261046,Department of Electronics Engineering,Virtualization of Hydraulics & Pneumatics Control Board,TEAM-12,"August 31, 2026",VLAB-2026-046
Devika Narayanan,20261047,Department of Electronics Engineering,Virtualization of Hydraulics & Pneumatics Control Board,TEAM-12,"August 31, 2026",VLAB-2026-047
Nikhil Venkatesh,20261048,Department of Electronics Engineering,Virtualization of Hydraulics & Pneumatics Control Board,TEAM-12,"August 31, 2026",VLAB-2026-048
Pooja Nair,20261049,Department of Instrumentation Engineering,Virtualization of Structural Finite Element Analyzer,TEAM-13,"August 31, 2026",VLAB-2026-049
Siddharth Deshmukh,20261050,Department of Instrumentation Engineering,Virtualization of Structural Finite Element Analyzer,TEAM-13,"August 31, 2026",VLAB-2026-050
Nikhil Shetty,20261051,Department of Instrumentation Engineering,Virtualization of Structural Finite Element Analyzer,TEAM-13,"August 31, 2026",VLAB-2026-051
Tarun Joshi,20261052,Department of Instrumentation Engineering,Virtualization of Structural Finite Element Analyzer,TEAM-13,"August 31, 2026",VLAB-2026-052
Bhavya Patel,20261053,Department of Mechanical Engineering,Virtualization of Biomedical ECG & EEG Diagnostic Rig,TEAM-14,"August 31, 2026",VLAB-2026-053
Utkarsh Rao,20261054,Department of Mechanical Engineering,Virtualization of Biomedical ECG & EEG Diagnostic Rig,TEAM-14,"August 31, 2026",VLAB-2026-054
Rhea Kulkarni,20261055,Department of Mechanical Engineering,Virtualization of Biomedical ECG & EEG Diagnostic Rig,TEAM-14,"August 31, 2026",VLAB-2026-055
Aditya Patel,20261056,Department of Mechanical Engineering,Virtualization of Biomedical ECG & EEG Diagnostic Rig,TEAM-14,"August 31, 2026",VLAB-2026-056
Harini Narayanan,20261057,Department of Information Technology,Virtualization of Quantum Circuit Simulator,TEAM-15,"August 31, 2026",VLAB-2026-057
Yash Narayanan,20261058,Department of Information Technology,Virtualization of Quantum Circuit Simulator,TEAM-15,"August 31, 2026",VLAB-2026-058
Gautam Iyer,20261059,Department of Information Technology,Virtualization of Quantum Circuit Simulator,TEAM-15,"August 31, 2026",VLAB-2026-059
Meera Pillai,20261060,Department of Information Technology,Virtualization of Quantum Circuit Simulator,TEAM-15,"August 31, 2026",VLAB-2026-060
Ishaan Subramanian,20261061,Department of Computer Technology,Virtualization of CNC Precision Machining Center,TEAM-16,"August 31, 2026",VLAB-2026-061
Zoya Sharma,20261062,Department of Computer Technology,Virtualization of CNC Precision Machining Center,TEAM-16,"August 31, 2026",VLAB-2026-062
Vidya Verma,20261063,Department of Computer Technology,Virtualization of CNC Precision Machining Center,TEAM-16,"August 31, 2026",VLAB-2026-063
Rhea Subramanian,20261064,Department of Computer Technology,Virtualization of CNC Precision Machining Center,TEAM-16,"August 31, 2026",VLAB-2026-064
