Name,Roll Number,Team,Title,Year
ISMAIL A M,2023507030,Team 1,Profile Projector,3rd year
JAYARAM V B,2023507040,Team 1,Profile Projector,3rd year
RAM BARATH M,2023507039,Team 1,Profile Projector,3rd year
MONISH KUMAR R,2023507038,Team 1,Profile Projector,3rd year
MOTHINATH G,2023507009,Team 2,Micrometer,3rd year
MADUSUDARSANAN J,2023507021,Team 2,Micrometer,3rd year
PRABAKARAN K,2023507302,Team 2,Micrometer,3rd year
VENUGOPAL R,2023507307,Team 2,Micrometer,3rd year
NIVEDHITHA V,2023507015,Team 3,Profilometer,3rd year
LITIKAA R,2023507012,Team 3,Profilometer,3rd year
ABISEIK P,2023507013,Team 3,Profilometer,3rd year
JAYA NIVETHITHA J,2023507014,Team 3,Profilometer,3rd year
VIGNESH N,2023507011,Team 4,Three Wire Method,3rd year
KESHAV NARAYAN L M,2023507018,Team 4,Three Wire Method,3rd year
AKILAN K,2023507020,Team 4,Three Wire Method,3rd year
ASWIN G,2023507044,Team 4,Three Wire Method,3rd year
VINOTHA M,2023507004,Team 5,Auto Collimator,3rd year
SANDHIYA E,2023507008,Team 5,Auto Collimator,3rd year
KAVIYA M,2023507022,Team 5,Auto Collimator,3rd year
HARIPRIYA R,2023507036,Team 5,Auto Collimator,3rd year
DEEPAK NAYAGAM S,2023507017,Team 6,Bevel Protractor,3rd year
PRAVEEN V,2023507046,Team 6,Bevel Protractor,3rd year
SUDHARSHAN,2023507305,Team 6,Bevel Protractor,3rd year
YUGESH T,2023507310,Team 6,Bevel Protractor,3rd year
HEMADARSHINI S,2023507006,Team 7,Taper Angle Measurement,3rd year
LOGAJANAI R,2023507024,Team 7,Taper Angle Measurement,3rd year
HONNAMBIKA S,2023507047,Team 7,Taper Angle Measurement,3rd year
SUBIKSHA T,2023507032,Team 8,Vernier Caliper,3rd year
AMRITHA G,2023507050,Team 8,Vernier Caliper,3rd year
RAJASRI T,2023507051,Team 8,Vernier Caliper,3rd year
ATHISTALEKSHMI A,2023507010,Team 9,Roundness Measurement,3rd year
SUBHASHINI K S,2023507025,Team 9,Roundness Measurement,3rd year
NISHASRI S,2023507053,Team 9,Roundness Measurement,3rd year
SHANKAR VIGNESH S G,2023507029,Team 10,External Taper Measurement Using vernier Caliper,3rd year
ANIRUDHA B,2023507037,Team 10,External Taper Measurement Using vernier Caliper,3rd year
NITHYANANDAM R,2023507045,Team 10,External Taper Measurement Using vernier Caliper,3rd year
IWIN SAMUEL JAYARAJ,2023507304,Team 10,External Taper Measurement Using vernier Caliper,3rd year
VINOTH E,2023507001,Team 11,Electrical Comparator,3rd year
DESAKAR M,2023507003,Team 11,Electrical Comparator,3rd year
ASHWIN N S,2023507027,Team 11,Electrical Comparator,3rd year
KARALAN J,2023507028,Team 11,Electrical Comparator,3rd year
HARSHITA,2023507005,Team 12,Mechanical Comparator,3rd year
SHAKTHI,2023507007,Team 12,Mechanical Comparator,3rd year
VISHNUVARDHINI,2023507043,Team 12,Mechanical Comparator,3rd year
SUSI V,2023507016,Team 13,Sine Bar,3rd year
PRETHVICA G S,2023507023,Team 13,Sine Bar,3rd year
HEMACHANDAR R,2023507042,Team 13,Sine Bar,3rd year
VAISHNAVI E,2023507048,Team 13,Sine Bar,3rd year
ABINESH KANNAN I,2023507301,Team 14,Pneumatic Comparator,3rd year
RAGUL TKS,2023507308,Team 14,Pneumatic Comparator,3rd year
VENGADESH P,2023507309,Team 14,Pneumatic Comparator,3rd year
KALYAAN SAI V,2023507311,Team 14,Pneumatic Comparator,3rd year
